{
 "Architecture": "x86_64",
 "BridgeNfIp6tables": true,
 "BridgeNfIptables": true,
 "CPUSet": true,
 "CPUShares": true,
 "CgroupDriver": "cgroupfs",
 "ClientInfo": {
  "Debug": false,
  "Plugins": [],
  "Warnings": null
 },
 "ClusterAdvertise": "",
 "ClusterStore": "",
 "ContainerdCommit": {
  "Expected": "7ad184331fa3e55e52b890ea95e65ba581ae3429",
  "ID": "7ad184331fa3e55e52b890ea95e65ba581ae3429"
 },
 "Containers": 2,
 "ContainersPaused": 0,
 "ContainersRunning": 0,
 "ContainersStopped": 2,
 "CpuCfsPeriod": true,
 "CpuCfsQuota": true,
 "Debug": false,
 "DefaultRuntime": "runc",
 "DockerRootDir": "/var/lib/docker",
 "Driver": "overlay2",
 "DriverStatus": [
  [
   "Backing Filesystem",
   "\u003cunknown\u003e"
  ],
  [
   "Supports d_type",
   "true"
  ],
  [
   "Native Overlay Diff",
   "true"
  ]
 ],
 "ExperimentalBuild": false,
 "GenericResources": null,
 "HttpProxy": "",
 "HttpsProxy": "",
 "ID": "BPZK:YYMY:LY45:PQNN:PXAS:SPOE:VLF3:PROB:X4NC:XJHS:6SWL:PF4B",
 "IPv4Forwarding": true,
 "Images": 1,
 "IndexServerAddress": "https://index.docker.io/v1/",
 "InitBinary": "docker-init",
 "InitCommit": {
  "Expected": "fec3683",
  "ID": "fec3683"
 },
 "Isolation": "",
 "KernelMemory": true,
 "KernelMemoryTCP": true,
 "KernelVersion": "5.3.0-53-generic",
 "Labels": [],
 "LiveRestoreEnabled": false,
 "LoggingDriver": "json-file",
 "MemTotal": 16773898240,
 "MemoryLimit": true,
 "NCPU": 4,
 "NEventsListener": 0,
 "NFd": 21,
 "NGoroutines": 34,
 "Name": "jimena-MS-7681",
 "NoProxy": "",
 "OSType": "linux",
 "OomKillDisable": true,
 "OperatingSystem": "Ubuntu 18.04.4 LTS",
 "PidsLimit": true,
 "Plugins": {
  "Authorization": null,
  "Log": [
   "awslogs",
   "fluentd",
   "gcplogs",
   "gelf",
   "journald",
   "json-file",
   "local",
   "logentries",
   "splunk",
   "syslog"
  ],
  "Network": [
   "bridge",
   "host",
   "ipvlan",
   "macvlan",
   "null",
   "overlay"
  ],
  "Volume": [
   "local"
  ]
 },
 "RegistryConfig": {
  "AllowNondistributableArtifactsCIDRs": [],
  "AllowNondistributableArtifactsHostnames": [],
  "IndexConfigs": {
   "docker.io": {
    "Mirrors": [],
    "Name": "docker.io",
    "Official": true,
    "Secure": true
   }
  },
  "InsecureRegistryCIDRs": [
   "127.0.0.0/8"
  ],
  "Mirrors": []
 },
 "RuncCommit": {
  "Expected": "dc9208a3303feef5b3839f4323d9beb36df0a9dd",
  "ID": "dc9208a3303feef5b3839f4323d9beb36df0a9dd"
 },
 "Runtimes": {
  "runc": {
   "path": "runc"
  }
 },
 "SecurityOptions": [
  "name=apparmor",
  "name=seccomp,profile=default"
 ],
 "ServerVersion": "19.03.8",
 "SwapLimit": false,
 "Swarm": {
  "ControlAvailable": false,
  "Error": "",
  "LocalNodeState": "inactive",
  "NodeAddr": "",
  "NodeID": "",
  "RemoteManagers": null
 },
 "SystemStatus": null,
 "SystemTime": "2020-05-30T17:09:39.924151629-04:00",
 "Warnings": [
  "WARNING: No swap limit support"
 ]
}
